{
	"description": "项目配置文件。",
	"setting": {
		"urlCheck": false,
		"es6": true,
		"postcss": true,
		"minified": true,
		"newFeature": true
	},
	"compileType": "miniprogram",
	"libVersion": "1.9.94",
	"appid": "wx2b6bb38e0bb3b203",
	"projectname": "%E6%B0%91%E5%8B%A4%E6%94%BB%E7%95%A5",
	"miniprogramRoot": "./",
	"condition": {
		"search": {
			"current": -1,
			"list": [
				{
					"name": "test",
					"pathName": "",
					"title": "",
					"cacheKey": ""
				}
			]
		},
		"conversation": {
			"current": 0,
			"list": [
				{
					"name": "test",
					"query": "",
					"boxQI": "",
					"service": {}
				}
			]
		},
		"miniprogram": {
			"current": -1,
			"list": [
				{
					"name": "test",
					"pathName": "COMPONENT/music",
					"query": "a=哈哈",
					"scene": 1044,
					"shareInfo": {},
					"referrerInfo": {}
				}
			]
		}
	}
}